"0","library(adaptMCMC)"
"0","p.log <- function(x) {"
"0","  B <- 0.03 # controls 'bananacity'"
"0","  -x[1]^2/200 - 1/2*(x[2]+B*x[1]^2-100*B)^2"
"0","}"
"0",""
"0",""
"0","set.seed(123)"
"0","banana1 <- adaptMCMC(target=p.log,init_theta=c(10,10),covmat=diag(c(1,1)),n_iterations=1e3,"
"0","                      adapt_size_start=10,acceptance_rate_weight=0,acceptance_window=0,"
"0","                      info=1e3, seedMH = 123)"
"1","Begin adapting size of sigma at iter: "
"1","10"
"1","
"
"1","At iter: "
"1","1000"
"1",", acceptance rate is: "
"1","0.177177"
"1","
"
